[
{
    "title": "Krzeslo A-201",
    "description": "Nowy design, kolor szary.",
    "price": 89.99,
    "picture": "https://damnet.pl/1030-large_default/mitzie-krzeslo-szare.jpg"
},
{
    "title": "Krzeslo B-876",
    "description": "rozowo/zloty kolor. Edycja limitowana.",
    "price": 95,
    "picture": "https://a.allegroimg.com/s1024/0c165b/732081fe4a919501a0f527648c02"
},
{
    "title": "Kanapa SC-001",
    "description": "3 osobowa rozkladana kanapa w kolorze bialo-srebrnym",
    "price": 839,
    "picture": "https://s12emagst.akamaized.net/products/19319/19318725/images/res_24af9e609493894ba2bb7bce0728ce43_full.jpg"
},
{
    "title": "Kanapa DD-09",
    "description": "Piekna pikowana kanapa w stylu retro, kolor niebieski.",
    "price": 1199.99,
    "picture": "https://sofy24.pl/15216-large_default/sofa-chesterfield-rozkladana-retro.jpg"
},
{
    "title": "Kanapa SC-001",
    "description": "3 osobowa rozkladana kanapa w kolorze bialo-srebrnym",
    "price": 839,
    "picture": "https://s12emagst.akamaized.net/products/19319/19318725/images/res_24af9e609493894ba2bb7bce0728ce43_full.jpg"
},
{
    "title": "Kanapa DD-09",
    "description": "Piekna pikowana kanapa w stylu retro, kolor niebieski.",
    "price": 1199.99,
    "picture": "https://sofy24.pl/15216-large_default/sofa-chesterfield-rozkladana-retro.jpg"
},
{
    "title": "Kanapa DD-09",
    "description": "Piekna pikowana kanapa w stylu retro, kolor niebieski.",
    "price": 1199.99,
    "picture": "https://sofy24.pl/15216-large_default/sofa-chesterfield-rozkladana-retro.jpg"
}

]